{
  "lang":"es",
  "name":"pipeline",
  "version":"0.0.0",
  "spacy_version":">=3.8.7,<3.9.0",
  "description":"",
  "author":"",
  "email":"",
  "url":"",
  "license":"",
  "spacy_git_version":"4b65aa7",
  "vectors":{
    "width":300,
    "vectors":20000,
    "keys":500000,
    "name":"es_vectors",
    "mode":"default"
  },
  "labels":{
    "tok2vec":[

    ],
    "ner":[
      "BANCO",
      "CIUDAD",
      "CUENTA_BANCARIA",
      "DEPARTAMENTO",
      "DIRECCION",
      "DISTRITO",
      "DNI",
      "EMPRESA",
      "FECHA",
      "INMUEBLE",
      "INTERES",
      "MONTO",
      "PENALIDAD",
      "PERSONA",
      "PLAZO",
      "PROVINCIA",
      "RUC"
    ]
  },
  "pipeline":[
    "tok2vec",
    "ner"
  ],
  "components":[
    "tok2vec",
    "ner"
  ],
  "disabled":[

  ],
  "performance":{
    "ents_f":0.9833110814,
    "ents_p":0.9833110814,
    "ents_r":0.9833110814,
    "ents_per_type":{
      "PERSONA":{
        "p":1.0,
        "r":1.0,
        "f":1.0
      },
      "DNI":{
        "p":1.0,
        "r":0.9491525424,
        "f":0.9739130435
      },
      "DIRECCION":{
        "p":0.9613095238,
        "r":0.9613095238,
        "f":0.9613095238
      },
      "EMPRESA":{
        "p":0.991416309,
        "r":0.991416309,
        "f":0.991416309
      },
      "RUC":{
        "p":0.9748953975,
        "r":1.0,
        "f":0.9872881356
      },
      "INMUEBLE":{
        "p":1.0,
        "r":0.9821428571,
        "f":0.990990991
      },
      "DISTRITO":{
        "p":0.9464285714,
        "r":0.9814814815,
        "f":0.9636363636
      },
      "PROVINCIA":{
        "p":0.9099099099,
        "r":0.9901960784,
        "f":0.9483568075
      },
      "DEPARTAMENTO":{
        "p":0.9072164948,
        "r":0.8461538462,
        "f":0.8756218905
      },
      "MONTO":{
        "p":0.9978991597,
        "r":1.0,
        "f":0.9989484753
      },
      "CUENTA_BANCARIA":{
        "p":1.0,
        "r":1.0,
        "f":1.0
      },
      "BANCO":{
        "p":1.0,
        "r":1.0,
        "f":1.0
      },
      "PLAZO":{
        "p":1.0,
        "r":1.0,
        "f":1.0
      },
      "INTERES":{
        "p":1.0,
        "r":1.0,
        "f":1.0
      },
      "CIUDAD":{
        "p":0.9841269841,
        "r":0.9612403101,
        "f":0.9725490196
      },
      "FECHA":{
        "p":0.992248062,
        "r":0.9846153846,
        "f":0.9884169884
      },
      "PENALIDAD":{
        "p":1.0,
        "r":0.9864864865,
        "f":0.9931972789
      }
    },
    "tok2vec_loss":344.5626628566,
    "ner_loss":1321.7852783203
  }
}