{
  "lang":"es",
  "name":"pipeline",
  "version":"0.0.0",
  "spacy_version":">=3.8.7,<3.9.0",
  "description":"",
  "author":"",
  "email":"",
  "url":"",
  "license":"",
  "spacy_git_version":"4b65aa7",
  "vectors":{
    "width":300,
    "vectors":20000,
    "keys":500000,
    "name":"es_vectors",
    "mode":"default"
  },
  "labels":{
    "tok2vec":[

    ],
    "ner":[
      "BANCO",
      "CIUDAD",
      "CUENTA_BANCARIA",
      "DEPARTAMENTO",
      "DIRECCION",
      "DISTRITO",
      "DNI",
      "EMPRESA",
      "FECHA",
      "INMUEBLE",
      "INTERES",
      "MONTO",
      "PENALIDAD",
      "PERSONA",
      "PLAZO",
      "PROVINCIA",
      "RUC"
    ]
  },
  "pipeline":[
    "tok2vec",
    "ner"
  ],
  "components":[
    "tok2vec",
    "ner"
  ],
  "disabled":[

  ],
  "performance":{
    "ents_f":0.9870086609,
    "ents_p":0.9850398936,
    "ents_r":0.9889853138,
    "ents_per_type":{
      "PERSONA":{
        "p":1.0,
        "r":1.0,
        "f":1.0
      },
      "DNI":{
        "p":0.9752066116,
        "r":1.0,
        "f":0.9874476987
      },
      "DIRECCION":{
        "p":0.9672619048,
        "r":0.9672619048,
        "f":0.9672619048
      },
      "EMPRESA":{
        "p":0.9957081545,
        "r":0.9957081545,
        "f":0.9957081545
      },
      "RUC":{
        "p":1.0,
        "r":0.9871244635,
        "f":0.9935205184
      },
      "INMUEBLE":{
        "p":1.0,
        "r":0.9821428571,
        "f":0.990990991
      },
      "DISTRITO":{
        "p":0.9473684211,
        "r":1.0,
        "f":0.972972973
      },
      "PROVINCIA":{
        "p":0.9107142857,
        "r":1.0,
        "f":0.953271028
      },
      "DEPARTAMENTO":{
        "p":0.8990825688,
        "r":0.9423076923,
        "f":0.9201877934
      },
      "MONTO":{
        "p":1.0,
        "r":1.0,
        "f":1.0
      },
      "CUENTA_BANCARIA":{
        "p":1.0,
        "r":1.0,
        "f":1.0
      },
      "BANCO":{
        "p":1.0,
        "r":1.0,
        "f":1.0
      },
      "PLAZO":{
        "p":1.0,
        "r":1.0,
        "f":1.0
      },
      "INTERES":{
        "p":1.0,
        "r":1.0,
        "f":1.0
      },
      "CIUDAD":{
        "p":0.9919354839,
        "r":0.9534883721,
        "f":0.9723320158
      },
      "FECHA":{
        "p":0.984496124,
        "r":0.9769230769,
        "f":0.9806949807
      },
      "PENALIDAD":{
        "p":1.0,
        "r":0.9864864865,
        "f":0.9931972789
      }
    },
    "tok2vec_loss":316.3013087539,
    "ner_loss":1423.3149414062
  }
}